"","dataset","par","Aa","Ad","AaAa","AaAd","AdAd","Ca","Mea","Med","AaCa","AdCa"
"1","biomassLCA.csv","Model Weighted Average","-0.382468729206131","19.1706236939001","-19.9453025826878","-2.32075323766762","38.0621397892283",NA,NA,NA,NA,NA
"2","biomassLCA.csv","Unconditional Standard Error","1.04751937575982","32.2519243876003","26.8037735016275","5.77275236877164","64.2284281784727",NA,NA,NA,NA,NA
"3","biomassLCA.csv","vi","0.0978965120291935","0.326107463538702","0.424940672678004","0.109210085389428","0.324510321355349",NA,NA,NA,NA,NA
"4","chloroLCA.csv","Model Weighted Average","-3.75116859244697","0.0277233895767013","0.146290522853759","1.78439336301417","-0.0250276915424755",NA,NA,NA,NA,NA
"5","chloroLCA.csv","Unconditional Standard Error","1.95553745328155","0.425524131516342","0.49142527802298","3.40695459063486","0.944312875495638",NA,NA,NA,NA,NA
"6","chloroLCA.csv","vi","0.873954522799374","0.102948572972307","0.133304272336736","0.258704323042068","0.102943654393257",NA,NA,NA,NA,NA
"7","diff.silk.shed.csv","Model Weighted Average","0.528328945235452","0.0317184790883993","-0.0349158644075727","0.103607306328759","0.0357998811982086",NA,NA,NA,NA,NA
"8","diff.silk.shed.csv","Unconditional Standard Error","0.191634886740939","0.0667140226189921","0.074912373238895","0.227988675954712","0.0743622012848438",NA,NA,NA,NA,NA
"9","diff.silk.shed.csv","vi","0.902547647158257","0.0981803248108774","0.101250460110493","0.0807906969373689","0.104224394110955",NA,NA,NA,NA,NA
"10","eggs.laid.csv","Model Weighted Average","-0.155935370644309","0.0375162912255537","0.187914522336783","0.0230248349166501","0.00880212996950253",NA,NA,NA,NA,NA
"11","eggs.laid.csv","Unconditional Standard Error","0.0213448640929882","0.0634929235629356","0.0577450412733609","0.0421813075713659","0.0252151733308326",NA,NA,NA,NA,NA
"12","eggs.laid.csv","vi","0.999970529276062","0.33813183868051","0.974577432991887","0.259939048609383","0.262953552209706",NA,NA,NA,NA,NA
"13","file 1 .csv","Model Weighted Average","-7.7695109353313","-0.0844709810844548","-16.7623978552438","-10.2291648792371","-1.13606230222556","1.20427916308797","2.10488459574275","1.19643599409242","14.3887722460483","2.17950677795184"
"14","file 1 .csv","Unconditional Standard Error","6.06506035162405","2.89467752349666","9.05595778413721","14.1232424856437","2.5520651934622","2.00819169975359","3.38119746980376","2.26517676236785","6.22710363703972","3.69251791726678"
"15","file 1 .csv","vi","0.70760588284561","0.161029114096283","0.815463547322413","0.402479785399421","0.140434087279629","0.364952139305221","0.328172158915789","0.212223540610208","0.889714547271431","0.382508792252532"
"16","file 10 .csv","Model Weighted Average","5.09893410638617","-4.2816493425271","1.60927627944624","-1.30975974441833","-3.32393256544108","0.0777054883210415","-1.32498363500434","0.866501946076368","-25.0390437675478","-0.0460223810364016"
"17","file 10 .csv","Unconditional Standard Error","6.9833695477524","8.61856197402693","3.7754542331111","4.66991446338643","7.16888861698829","0.555123436235785","2.84434128290449","2.11878622143229","6.12484614135039","0.979279156435595"
"18","file 10 .csv","vi","0.449992386696963","0.237140402723971","0.18660645652324","0.170993268093468","0.214130990053236","0.140437143227936","0.231772390244296","0.179022069037856","0.981821883461279","0.137900704074646"
"19","file 11 .csv","Model Weighted Average","20.2757120059227","51.8968103321269","16.6376227270307","-44.7323646370038","-29.0791452638529","1.85826142955628","-11.9679044929916","-0.242350600018745","-0.125346476128566","-3.16165803707433"
"20","file 11 .csv","Unconditional Standard Error","7.00116833711396","50.3398063951625","17.6120356348756","12.2612319430573","30.5927431333013","3.21534909094832","3.59626087124295","0.578018661264899","0.391329467424143","5.81530875489557"
"21","file 11 .csv","vi","0.870305329016034","0.624933135147957","0.548772963235669","0.946189572278406","0.579994117243663","0.216049943758952","0.931317595103034","0.0899770022176442","0.0686983782695884","0.197935022158026"
"22","file 12 .csv","Model Weighted Average","-1.68700480520697","7.90842136260565","14.0649194843012","49.1857365590455","6.43130864321397","0.123295299060826","0.617122507460079","0.959584524461745","-0.276142119261707","1.59045906428731"
"23","file 12 .csv","Unconditional Standard Error","3.10140626583427","18.5483476254936","14.9765251223035","15.7915583830595","11.4777691366579","0.595472269628727","1.52173246723402","2.98767829428868","1.84510559036607","2.95532939628649"
"24","file 12 .csv","vi","0.258708355548223","0.371190713224818","0.615786979020575","0.958556358355516","0.293097677308063","0.150950847949555","0.171607371947042","0.239279351382294","0.168589360181297","0.252503873500794"
"25","file 13 .csv","Model Weighted Average","-0.515631546439488","97.221401767356","80.9709778911902","7.04386591129455","-4.76408368171105","-0.087649065329727","11.5467441636011","16.4591798156663","-1.79177510647433","-0.126129605888269"
"26","file 13 .csv","Unconditional Standard Error","1.65072468628385","46.4428258183364","30.8685699638746","12.6303958157855","16.7889404140565","0.34639029471595","4.86122244321671","9.5915895364597","3.96754878270826","0.586129562730446"
"27","file 13 .csv","vi","0.10908326779672","0.86976343020009","0.921516447013856","0.227042243111899","0.251692166543803","0.0852000219087493","0.875588403198037","0.795704980524467","0.136009981812304","0.0834603419655723"
"28","file 14 .csv","Model Weighted Average","-1.96470497576673","9.90091404395382","-5.30616505544827","-21.7226878294224","4.69689479039655","-1.76212465500985","-1.63770161605393","25.5016851029908","5.52883910680143","-0.0798574902448597"
"29","file 14 .csv","Unconditional Standard Error","3.68424667733717","15.5124072591822","9.38588910562999","25.5722775217482","8.96777480859196","2.95959273034705","3.01030239924633","8.62503240757476","9.93378557425572","1.27944555068176"
"30","file 14 .csv","vi","0.236043125585353","0.360856880518825","0.284193290216966","0.510923596752505","0.266199354279685","0.300706978862672","0.248593738430891","0.962227974140564","0.317181345524584","0.13725584568235"
"31","file 15 .csv","Model Weighted Average","-4.37954398001825","4.96581061908942","-1.9257710884645","4.43782412551334","4.52250749112193","2.59934413566514","1.03376132049301","1.35945229342051","-1.08961845329433","2.22265337958756"
"32","file 15 .csv","Unconditional Standard Error","6.54608317617548","8.382069796575","4.13198414028645","8.51124521578355","7.32772637196629","3.7048045832807","2.15685859274392","2.51377853122991","2.49536183374388","5.30017480502482"
"33","file 15 .csv","vi","0.393610748073772","0.338743267578163","0.223538056532893","0.248721314298051","0.35486599934803","0.430604196131915","0.231713511419727","0.269398386958409","0.200594716463549","0.434411140450541"
"34","file 16 .csv","Model Weighted Average","-5.13201685345245","-147.265539824141","-47.2393466428764","-4.22048561211271","129.730915168642","-0.00568534243462351","4.99346231681983","-17.2723827317028","-0.0233557786202487","-0.0536935767411292"
"35","file 16 .csv","Unconditional Standard Error","5.55751807351947","87.933417069422","17.6120970508425","7.63651705465288","65.2816684649527","0.0749792923618333","4.29957734318597","3.97044359931082","0.130564792507886","0.195925931838058"
"36","file 16 .csv","vi","0.536510799604383","0.789423325389201","0.917142619498726","0.285581696540472","0.855747166100217","0.0527716883948789","0.65617105362871","0.99737535516888","0.0499883706755108","0.0548974576923046"
"37","file 17 .csv","Model Weighted Average","-0.773708816070028","-21.5590950990672","-31.8142643412852","-18.0231864071421","-4.37478054649701","0.476665895726338","0.633036273797938","-11.1222746427995","3.08691931293399","0.891531595545419"
"38","file 17 .csv","Unconditional Standard Error","1.53035262003724","16.1935084359384","9.75090800049882","6.58543492959781","7.43334193500294","0.817403921590292","1.16470027884248","2.96661196142701","2.81502984010959","1.56873218557603"
"39","file 17 .csv","vi","0.142869009612879","0.689569003031084","0.970715256942708","0.897984529506127","0.257855923154428","0.252583333906631","0.213217241760253","0.972489201765249","0.607600650723987","0.258993380261966"
"40","file 18 .csv","Model Weighted Average","-1.58062928458621","-189.792040358248","-30.3855127260458","58.7973149951832","165.310889093458","-6.163180011227","-0.923758648208903","0.0273215694032284","-1.42818578899665","1.26644583996747"
"41","file 18 .csv","Unconditional Standard Error","2.84425406154618","30.4444314023867","13.5131672788242","7.93681698592887","18.4332836508803","2.08235832227331","1.46230503688168","0.0795005835906059","2.29205724482269","2.60791407234378"
"42","file 18 .csv","vi","0.199786351057078","0.99999473599311","0.882337145512875","0.999991250438708","0.999999860050714","0.980148717551491","0.29849323172862","0.0414099064507619","0.28536981946465","0.189798909533739"
"43","file 19 .csv","Model Weighted Average","-4.07080282588354","-2.38219062934746","-20.5835153204527","-1.34439267984044","0.375794713065483","0.0685674832716827","9.2150652563173","-5.11025072919797","-0.546728818361176","0.0301430952464455"
"44","file 19 .csv","Unconditional Standard Error","5.48292134642982","6.35178258679022","12.5879629147238","3.75885266511868","2.2699504300913","0.293683641217471","3.07041137645969","4.16245308558406","1.39044973226253","0.400990905348741"
"45","file 19 .csv","vi","0.426096832122774","0.205822088415214","0.801466936682788","0.183080692214812","0.135954529946441","0.109903287127606","0.968020247599911","0.686798870842692","0.139256622767001","0.103582824604763"
"46","file 2 .csv","Model Weighted Average","-2.9763243254711","1.86443697652905","-22.2113050151504","-4.48600157979091","-27.2261928530738","-0.214973393709827","2.15581257721202","-4.63775327435692","0.108529425812933","2.37215740205638"
"47","file 2 .csv","Unconditional Standard Error","3.75086963871358","7.67537092438558","7.57818839842619","6.4520693159014","8.00040664520474","0.614879005840181","2.64821591545175","3.58396840866743","0.394408907616961","2.81741915697549"
"48","file 2 .csv","vi","0.455036016687246","0.18738409925105","0.917524095090236","0.378630731321091","0.943142096955205","0.16497733088432","0.459560545960011","0.709657868616465","0.079896499842198","0.486536222425899"
"49","file 20 .csv","Model Weighted Average","-1.78809535572465","-70.0716480462418","3.18236526576358","44.4196156115411","69.6945798859147","-11.8614415057588","-1.71577842903927","-0.939536508631148","1.09511533481215","18.3020914551735"
"50","file 20 .csv","Unconditional Standard Error","10.6483502474777","82.3870240838133","6.89152105225259","27.676469783615","74.021235711803","15.7772291184673","3.26332567676998","2.01923665453271","2.24055561578642","29.6749550435475"
"51","file 20 .csv","vi","0.35419190442012","0.520826026898736","0.167409198473932","0.811188676547106","0.582639267922303","0.52010878033551","0.220324393625122","0.161912503745659","0.183585990760545","0.442347195655086"
"52","file 21 .csv","Model Weighted Average","1.35972211596991","-77.7806713180376","-60.0125412275927","4.4220613887796","13.8246564744352","-3.40877861773707","1.95820238756045","-10.627096626187","5.02710815471307","2.83869111411292"
"53","file 21 .csv","Unconditional Standard Error","2.66082585101223","31.1599079684479","13.5614127584674","7.52225442684597","21.7071425134644","3.95182816713291","3.08484950288724","7.36654847082577","6.34005210340785","5.34672756656028"
"54","file 21 .csv","vi","0.214222698352238","0.972165203115105","0.990174993000116","0.261470995999104","0.34342184057538","0.523583831331047","0.304300558757617","0.730456546252728","0.454594747652869","0.268716515440571"
"55","file 22 .csv","Model Weighted Average","5.95858024588935","24.0189619082095","-6.37880801537098","-2.89473701342198","-5.69637478264464","-0.237219136436868","-0.281377187414253","0.675241015820817","-5.11018963258753","-5.22183914983007"
"56","file 22 .csv","Unconditional Standard Error","9.50119438818464","34.222026922346","11.6877898555062","9.64642190551371","17.0456493012284","2.50062076345516","2.17046729099111","2.48891311231078","8.18170419623342","8.36977676838139"
"57","file 22 .csv","vi","0.350870560107485","0.415251201912768","0.293038481643477","0.191167359437842","0.231762004473998","0.275111705461728","0.198213621443518","0.192705663288652","0.340966691908222","0.358157310747827"
"58","file 23 .csv","Model Weighted Average","7.85939480366884","3.57987484255591","1.62088532056293","-21.3593903869254","-3.16292813070563","0.168876382906976","-9.59764068387823","-1.24841181387176","0.586518324403839","-0.215568147367664"
"59","file 23 .csv","Unconditional Standard Error","7.93339119014816","7.7754511103853","3.42730447477653","18.0364463417399","5.7295170544303","0.470492590685726","2.78748672928419","2.10530163033133","1.3390145850825","0.920018351714069"
"60","file 23 .csv","vi","0.599167334433124","0.184133598254094","0.181747706532208","0.69143987094731","0.240123018851112","0.127314359481568","0.956845148201089","0.304484910010289","0.178628039922409","0.150970823460471"
"61","file 24 .csv","Model Weighted Average","-0.177945208554256","-6.8436586261314","-38.8120087968629","-15.0538575304424","-8.26195302196878","3.98540344635133","-5.51810825797484","2.79128857601256","1.91543877291528","8.17989279795649"
"62","file 24 .csv","Unconditional Standard Error","6.12907442344602","20.03878425292","14.1536027044686","15.77725714297","12.0316563758437","4.45813010995868","6.47009189055616","4.57411962673051","3.48137713435436","7.85714708345931"
"63","file 24 .csv","vi","0.540387044675321","0.445917454906763","0.927541718664833","0.544371793842337","0.37640943264647","0.501241794862963","0.499555641526028","0.28106547245558","0.214397928690892","0.608326602078255"
"64","file 25 .csv","Model Weighted Average","-3.7876663448277","-153.36344375109","-0.803876470381061","-4.0255960305927","177.82919656735","-0.0290368529194428","6.87173771444837","-7.04446889520915","-0.00729070766829368","-0.217221285058232"
"65","file 25 .csv","Unconditional Standard Error","3.60287401008215","32.106096686895","1.85231394224161","6.09100987278158","26.3801264722672","0.146609973934839","2.56580808482981","2.43266889933553","0.0865455601116269","0.484914619250919"
"66","file 25 .csv","vi","0.588484135518443","0.99688019370159","0.0902960208931854","0.363433359849324","0.999731018712461","0.0833960327142967","0.924859552552955","0.950830244125287","0.0493155862573915","0.100241238213735"
"67","file 26 .csv","Model Weighted Average","3.79244258334043","-171.319199512471","-2.46723060938744","37.1167279885671","169.832242041305","-1.91746041685209","-0.728467692312587","1.19913626488734","0.788957161877688","-2.41040202886327"
"68","file 26 .csv","Unconditional Standard Error","7.77883128276529","44.6565544765136","6.32711990229112","22.8082393666872","38.6800585247135","2.70268384865873","1.62814669954796","2.37445496374802","1.97827910280262","4.39042791148901"
"69","file 26 .csv","vi","0.274545211527581","0.971549281876414","0.128942448713078","0.771015313881202","0.990748331673344","0.415434890088674","0.145137039710781","0.19544304099191","0.161346067983529","0.336288323517607"
"70","file 27 .csv","Model Weighted Average","-0.449878568732979","-175.170064645881","-0.158254999772483","64.1572562508575","163.343985743629","-0.017439308027525","-13.4893545138709","-0.0962018333639541","0.116662661454177","-0.00915788104947047"
"71","file 27 .csv","Unconditional Standard Error","1.23163811548175","26.597345720193","0.845688067853689","6.94438366567068","22.8427715852968","0.0774373594096471","2.23717999839438","0.286898180710656","0.306508258874288","0.140535402016202"
"72","file 27 .csv","vi","0.0897084126417852","0.9997999007707","0.0696682386665209","0.999349987974545","0.999876757828035","0.072421315288047","0.999716823117702","0.0820349390349842","0.0926641239536283","0.0704075156293183"
"73","file 28 .csv","Model Weighted Average","1.42104643111134","-1.42846544874378","0.0952947609455225","-1.25617683874912","-1.6554734827349",NA,NA,NA,NA,NA
"74","file 28 .csv","Unconditional Standard Error","2.40580260689672","2.91297604830496","0.903016766926742","3.38895680868503","3.10187772949529",NA,NA,NA,NA,NA
"75","file 28 .csv","vi","0.33006465061151","0.227253131738356","0.137041815692625","0.165803056174856","0.276042735841005",NA,NA,NA,NA,NA
"76","file 29 .csv","Model Weighted Average","16.1354262463658","-0.103276422156839","0.206927278914197","-0.458417103909336","0",NA,NA,NA,NA,NA
"77","file 29 .csv","Unconditional Standard Error","0.803866255032363","0.235252766076182","0.406516552951316","0.958490225725886","0",NA,NA,NA,NA,NA
"78","file 29 .csv","vi","0.999996632708776","0.0553065820236015","0.122817307674954","0.0879818825629752","0.0369471540664396",NA,NA,NA,NA,NA
"79","file 3 .csv","Model Weighted Average","-0.0686302385383411","-181.627695110581","-38.9410841721351","-0.236264891026887","158.1176666971","0.0146770796854231","0.0374161597200874","-16.6651717510738","0.0236786270056349","-1.54172318653514"
"80","file 3 .csv","Unconditional Standard Error","0.245853618819307","35.3704754404257","14.9792100928776","0.734500561257643","23.4314714574618","0.417230151066919","0.207517605167059","3.71012210532086","0.235872916322737","2.46070388114932"
"81","file 3 .csv","vi","0.0688272523105024","0.999438446137374","0.928770628921096","0.0732672235204621","0.999808693793442","0.140770329126742","0.0735587274328079","0.991878355793892","0.0632779486769768","0.321332100608497"
"82","file 30 .csv","Model Weighted Average","17.237469455654","-0.135184764620149","12.4829073549244","-7.97546998300415","0",NA,NA,NA,NA,NA
"83","file 30 .csv","Unconditional Standard Error","5.40988242646241","0.282057595674107","5.81349832033747","6.4759932954029","0",NA,NA,NA,NA,NA
"84","file 30 .csv","vi","0.968547520572129","0.0291507865001143","0.888285340265781","0.638021091797642","0.01099975351664",NA,NA,NA,NA,NA
"85","file 31 .csv","Model Weighted Average","30.736483870488","-0.675509667826891","2.09724051185101","0","-0.131647975159333",NA,NA,NA,NA,NA
"86","file 31 .csv","Unconditional Standard Error","2.93696769556945","1.40206283829574","3.38343066394402","0","0.366949972747628",NA,NA,NA,NA,NA
"87","file 31 .csv","vi","0.999806767937932","0.0869135126881055","0.260533004219229","0.0215315835226668","0.0315968603715139",NA,NA,NA,NA,NA
"88","file 32 .csv","Model Weighted Average","21.4464874343864","0","15.8422262400594","-10.0879919438116","0.117512807052504",NA,NA,NA,NA,NA
"89","file 32 .csv","Unconditional Standard Error","6.10756297696911","0","6.05091780941021","6.13243251479151","0.238081996024469",NA,NA,NA,NA,NA
"90","file 32 .csv","vi","0.95136007023869","0.0243958462936187","0.879684647299318","0.702492752198721","0.0229749966001871",NA,NA,NA,NA,NA
"91","file 33 .csv","Model Weighted Average","1.84568105596978","-1.80627340738299","-0.0839174180381334","0","-0.0367489795980973",NA,NA,NA,NA,NA
"92","file 33 .csv","Unconditional Standard Error","0.0508478130407506","0.222561836468017","0.13849595113691","0","0.0708162138862926",NA,NA,NA,NA,NA
"93","file 33 .csv","vi","0.999996903553895","0.994736048437245","0.201672263048862","0.000693773678253952","0.0757055636814063",NA,NA,NA,NA,NA
"94","file 34 .csv","Model Weighted Average","1.40116331252233","-0.22736360348062","0.734053251353938","-0.0789667587677092","-0.00701911768587056",NA,NA,NA,NA,NA
"95","file 34 .csv","Unconditional Standard Error","0.261699192978647","0.368247862695392","0.476543744993848","0.148406825758608","0.0136138951915574",NA,NA,NA,NA,NA
"96","file 34 .csv","vi","0.982275056739629","0.214726006831877","0.695428774879919","0.0901481677396027","0.0566346741510762",NA,NA,NA,NA,NA
"97","file 35 .csv","Model Weighted Average","1.42743476893768","-1.62298807834223","0","0","0",NA,NA,NA,NA,NA
"98","file 35 .csv","Unconditional Standard Error","0.06798752739726","0.138744730484479","0","0","0",NA,NA,NA,NA,NA
"99","file 35 .csv","vi","0.999961530816189","0.980509554553973","0.0198707577333824","0.00123006485345313","0.0167003552000729",NA,NA,NA,NA,NA
"100","file 36 .csv","Model Weighted Average","1.41218100454695","-0.333563817146466","1.35978608540257","0","0.140490717892971",NA,NA,NA,NA,NA
"101","file 36 .csv","Unconditional Standard Error","0.189289707126773","0.598477111317906","0.539452157626792","0","0.272654295909292",NA,NA,NA,NA,NA
"102","file 36 .csv","vi","0.99124819915437","0.119729907021292","0.839471874642901","0.00849737984985308","0.0537317464042889",NA,NA,NA,NA,NA
"103","file 37 .csv","Model Weighted Average","3.42157486782447","-0.899877122850498","2.05058481043074","-1.74030291473567","0",NA,NA,NA,NA,NA
"104","file 37 .csv","Unconditional Standard Error","0.228353088557952","1.25681271653136","1.27876884462651","1.127803677364","0",NA,NA,NA,NA,NA
"105","file 37 .csv","vi","0.997986417352543","0.298169648309611","0.698513743766318","0.661095521938642","0.00442485067507806",NA,NA,NA,NA,NA
"106","file 38 .csv","Model Weighted Average","0.097","0","0.046","-0.00400000000000004","-0.024",NA,NA,NA,NA,NA
"107","file 38 .csv","Unconditional Standard Error","4.01612579873192e-17","0","6.1430383091747e-17","1.1013862060337e-16","6.86956795366882e-17",NA,NA,NA,NA,NA
"108","file 38 .csv","vi","1","1.16984120557407e-75","1","1","1",NA,NA,NA,NA,NA
"109","file 39 .csv","Model Weighted Average","0.00733029013286433","-0.0354508232686339","-0.0174249096808747","0.0013763693344506","-0.053269870888288",NA,NA,NA,NA,NA
"110","file 39 .csv","Unconditional Standard Error","0.00826231697642368","0.0523896066022661","0.0262742983915549","0.003079548309773","0.0311653847852781",NA,NA,NA,NA,NA
"111","file 39 .csv","vi","0.47892523425693","0.282822913430948","0.267305138468233","0.0380865479948992","0.732033278651408",NA,NA,NA,NA,NA
"112","file 4 .csv","Model Weighted Average","4.73656249332674","-123.272352125426","-4.10974784811755","61.3126898808759","131.253904394873","-4.42351928190432","-0.831746394107044","0.0588260236978314","-0.0051872244605084","-2.31485258814455"
"113","file 4 .csv","Unconditional Standard Error","6.3880344007591","23.0854117158463","7.82088406472392","13.1503539336162","18.4675421867739","4.43319437711361","1.62405980856557","0.225994397701969","0.196854189424024","7.84215620941841"
"114","file 4 .csv","vi","0.414097525214949","0.999396641908302","0.197194058511547","0.974748814218714","0.99997732918479","0.568843932042069","0.159490936326881","0.0564404268916127","0.0548400471405462","0.554494824973561"
"115","file 40 .csv","Model Weighted Average","0.0595901032042154","-0.0630569068956689","0.0108570068258266","0","0.010912501420612",NA,NA,NA,NA,NA
"116","file 40 .csv","Unconditional Standard Error","0.00672912059111758","0.0302316649136871","0.0179133049877043","0","0.0175811444946574",NA,NA,NA,NA,NA
"117","file 40 .csv","vi","0.99305105357465","0.792165335302597","0.189054327570606","0.00429389250470516","0.222921469674925",NA,NA,NA,NA,NA
"118","file 41 .csv","Model Weighted Average","0.0126728633826319","-0.00104079478863756","0.00523441368956138","-0.0098823183436893","-0.000471450821356472",NA,NA,NA,NA,NA
"119","file 41 .csv","Unconditional Standard Error","0.00535149055477295","0.00225316563385733","0.00627367211605163","0.0141411066780563","0.00119342695409653",NA,NA,NA,NA,NA
"120","file 41 .csv","vi","0.878777529292127","0.0970246586855331","0.45360226435047","0.337146766730733","0.0571738519089126",NA,NA,NA,NA,NA
"121","file 42 .csv","Model Weighted Average","0.161118757985796","0","0.0800304691545433","0","0",NA,NA,NA,NA,NA
"122","file 42 .csv","Unconditional Standard Error","0.00326605193267324","0","0.00397809697941066","0","0",NA,NA,NA,NA,NA
"123","file 42 .csv","vi","0.999999716700392","0.000950515543365839","0.9999421247924","0.00208250059873223","0.000935710545959829",NA,NA,NA,NA,NA
"124","file 43 .csv","Model Weighted Average","1.91240060344181","6.06186489415219","-0.437065067525617","0","0.279771366734897",NA,NA,NA,NA,NA
"125","file 43 .csv","Unconditional Standard Error","0.366725752178851","1.68021302075458","0.777100588782743","0","0.516083705396688",NA,NA,NA,NA,NA
"126","file 43 .csv","vi","0.963909090309937","0.868325536338174","0.139360823215053","0.00438826619111371","0.0915444568789117",NA,NA,NA,NA,NA
"127","file 44 .csv","Model Weighted Average","2.05586786338718","3.73957581057714","-0.152638005578898","0","0",NA,NA,NA,NA,NA
"128","file 44 .csv","Unconditional Standard Error","0.203366729902257","0.652078994282781","0.292272487054915","0","0",NA,NA,NA,NA,NA
"129","file 44 .csv","vi","0.998238906933899","0.943561394238045","0.0535297950742575","0.00889724950445729","0.00700448564695204",NA,NA,NA,NA,NA
"130","file 45 .csv","Model Weighted Average","3.40753162630021","15.1230833782173","2.35115287004184","0","0",NA,NA,NA,NA,NA
"131","file 45 .csv","Unconditional Standard Error","0.346915884273982","2.90822578360926","2.04094044562656","0","0",NA,NA,NA,NA,NA
"132","file 45 .csv","vi","0.988604485148761","0.981923606121461","0.580006562210227","0.00117672406761673","0.0167634137930454",NA,NA,NA,NA,NA
"133","file 46 .csv","Model Weighted Average","3.70274473777822","0.0424813282477779","-0.438250066436435","0","0",NA,NA,NA,NA,NA
"134","file 46 .csv","Unconditional Standard Error","0.0328752247631691","0.0791336451344034","0.092194935307181","0","0",NA,NA,NA,NA,NA
"135","file 46 .csv","vi","0.999999998543234","0.0785726692224502","0.921743415479815","0.00790528252638618","0.00757187742420324",NA,NA,NA,NA,NA
"136","file 47 .csv","Model Weighted Average","1.14717165583931","2.05049948792646","0.0519618160807843","0","3.19974101612023",NA,NA,NA,NA,NA
"137","file 47 .csv","Unconditional Standard Error","0.335162190702165","2.31003742817874","0.105119388979617","0","2.56511297790221",NA,NA,NA,NA,NA
"138","file 47 .csv","vi","0.92175176305896","0.443903270970576","0.05337111952308","0.00484028085836463","0.624503505356193",NA,NA,NA,NA,NA
"139","file 48 .csv","Model Weighted Average","7.1197001442542","18.5351794758418","-0.387416045523671","1.41476456101962","1.16636233415015",NA,NA,NA,NA,NA
"140","file 48 .csv","Unconditional Standard Error","1.64878430320065","4.81586691497469","0.768420818945478","2.52378372205783","2.25635341778036",NA,NA,NA,NA,NA
"141","file 48 .csv","vi","0.942913471260809","0.884190926436813","0.049878066293354","0.140590800724989","0.0615676470167192",NA,NA,NA,NA,NA
"142","file 49 .csv","Model Weighted Average","19.6851380549847","29.5458168973809","0","0","0",NA,NA,NA,NA,NA
"143","file 49 .csv","Unconditional Standard Error","1.37372266512121","2.23808282389254","0","0","0",NA,NA,NA,NA,NA
"144","file 49 .csv","vi","0.999673201909003","0.997243652507455","0.00181632162638756","0.031598030666537","0.00294987918427853",NA,NA,NA,NA,NA
"145","file 5 .csv","Model Weighted Average","-18.2722661311298","6.08215041672575","-15.6685170681872","24.6668770832132","-2.19798098165999","-0.106413321312477","10.267712180184","-10.869506370113","0.0227221370231075","0.20840042824478"
"146","file 5 .csv","Unconditional Standard Error","6.65688512600845","10.7339338428756","8.50939249143117","14.4656236416827","5.19226926211901","0.319400440954755","3.17629728411912","3.80340256719081","0.249103909422248","0.788288988754834"
"147","file 5 .csv","vi","0.911492161854333","0.2241472713604","0.789046561139431","0.792395781190867","0.139418323705975","0.074226877705301","0.923099792030329","0.907893765437612","0.0593137157747392","0.101588720865717"
"148","file 50 .csv","Model Weighted Average","22.189236211703","30.2261400091525","0","0","16.4283036235233",NA,NA,NA,NA,NA
"149","file 50 .csv","Unconditional Standard Error","3.15855027120518","19.6340204334608","0","0","22.628821126276",NA,NA,NA,NA,NA
"150","file 50 .csv","vi","0.992103572986481","0.686772259333465","0.0177302587844077","0.00760724202232425","0.323537261860591",NA,NA,NA,NA,NA
"151","file 51 .csv","Model Weighted Average","8.26057695173289","4.17135102995982","-5.88344769087189","0","4.80105077903484",NA,NA,NA,NA,NA
"152","file 51 .csv","Unconditional Standard Error","0.460454145174462","6.07297449227009","3.31633273876284","0","2.77829237528146",NA,NA,NA,NA,NA
"153","file 51 .csv","vi","0.999080659600531","0.29059845431069","0.73411364347431","0.000346266277909454","0.711839815435041",NA,NA,NA,NA,NA
"154","file 52 .csv","Model Weighted Average","7.51972640751314","46.0755122881517","0","0","0",NA,NA,NA,NA,NA
"155","file 52 .csv","Unconditional Standard Error","0.685084872316287","1.38257631203357","0","0","0",NA,NA,NA,NA,NA
"156","file 52 .csv","vi","0.999353128300028","0.999857703600183","0.00135722286593682","0.00137454224291149","0.0010331612813404",NA,NA,NA,NA,NA
"157","file 55 .csv","Model Weighted Average","-0.0356716215091297","-0.272373259838068","-0.520093495515165","-0.104156779383878","-0.201290011101278","-0.546891073656684","1.96758928023976","-0.271944861509828","0.0494616714095195","-0.499892154848589"
"158","file 55 .csv","Unconditional Standard Error","0.15910069284433","0.824522249544049","1.04676097428123","0.35731515360588","0.577961607775892","0.585062250906177","0.856679085367003","0.48685476587735","0.165448820589697","0.850733138061216"
"159","file 55 .csv","vi","0.12297336505158","0.145454213470069","0.211507942216973","0.119008462319195","0.131289322066163","0.562445183161022","0.898264566714643","0.264799663933019","0.120209005677955","0.352124754886553"
"160","file 56 .csv","Model Weighted Average","0.0547211643162063","-3.23805263218873","1.68928672326346","-0.251307845912516","2.80326232033674","0.0897876908520102","0.219005722011239","0.100207576571088","0.0285165069611115","0.0268542470550419"
"161","file 56 .csv","Unconditional Standard Error","0.2510489167984","5.54546879315413","2.50235244630879","0.737450894985818","4.74137966246144","0.21218379237811","0.411048217984969","0.265254815656946","0.263617621604227","0.239581432852652"
"162","file 56 .csv","vi","0.155804407334569","0.333216273378525","0.415159769131686","0.172999574598031","0.326825981270642","0.191791691715101","0.26739283036245","0.179546714886402","0.153587419777919","0.162082768012699"
"163","file 57 .csv","Model Weighted Average","0.204030416312645","1.20951146715703","7.43925866458429","-9.24810785265418","3.05022805445123","0.613700613938916","0.87034236331914","0.88799581961175","-1.2529420588095","-0.00943524884091176"
"164","file 57 .csv","Unconditional Standard Error","0.364713255845133","3.5513761485658","2.72535931426151","1.13441232027869","2.43754647057869","0.72835409496133","0.883174007643439","0.907609550284324","1.49137688715494","0.0270717791210026"
"165","file 57 .csv","vi","0.158512639076531","0.480363869200208","0.893266916110682","0.999427227876465","0.632903737249146","0.412766438423368","0.494457588998673","0.489861788276767","0.41037637200245","0.0360898183524392"
"166","file 58 .csv","Model Weighted Average","-0.0356716215091297","-0.272373259838068","-0.520093495515165","-0.104156779383878","-0.201290011101278","-0.546891073656684","1.96758928023976","-0.271944861509828","0.0494616714095195","-0.499892154848589"
"167","file 58 .csv","Unconditional Standard Error","0.15910069284433","0.824522249544049","1.04676097428123","0.35731515360588","0.577961607775892","0.585062250906177","0.856679085367003","0.48685476587735","0.165448820589697","0.850733138061216"
"168","file 58 .csv","vi","0.12297336505158","0.145454213470069","0.211507942216973","0.119008462319195","0.131289322066163","0.562445183161022","0.898264566714643","0.264799663933019","0.120209005677955","0.352124754886553"
"169","file 59 .csv","Model Weighted Average","0.0547211643162063","-3.23805263218873","1.68928672326346","-0.251307845912516","2.80326232033674","0.0897876908520102","0.219005722011239","0.100207576571088","0.0285165069611115","0.0268542470550419"
"170","file 59 .csv","Unconditional Standard Error","0.2510489167984","5.54546879315413","2.50235244630879","0.737450894985818","4.74137966246144","0.21218379237811","0.411048217984969","0.265254815656946","0.263617621604227","0.239581432852652"
"171","file 59 .csv","vi","0.155804407334569","0.333216273378525","0.415159769131686","0.172999574598031","0.326825981270642","0.191791691715101","0.26739283036245","0.179546714886402","0.153587419777919","0.162082768012699"
"172","file 6 .csv","Model Weighted Average","-2.27971808500184","13.5061217383338","8.08974207419133","-0.510858365980102","0.907359164528478","-0.0684369273218283","0.591783143686297","2.00290444562776","-0.564780363112285","2.41368885627028"
"173","file 6 .csv","Unconditional Standard Error","3.71423029435016","22.0754126185874","13.9241663200454","2.71839340090045","6.27208243133019","0.93027300030922","1.75953845021099","3.71128249833189","1.57466192768751","4.19876678564114"
"174","file 6 .csv","vi","0.352938515188981","0.354822383281483","0.334113336281322","0.159899687375685","0.222679905010008","0.209822101060196","0.207625671573797","0.285084378244827","0.179928673077702","0.317598405059681"
"175","file 60 .csv","Model Weighted Average","5.65121304239666e-05","-0.00180874132034124","0.0230264700771198","0.00103913249299525","0.00224547754430288","0.000510640802931166","-0.000172473654108741","-0.01163732124537","0.0373506441956685","0.000515205682679064"
"176","file 60 .csv","Unconditional Standard Error","0.000586199621572981","0.0169735324200964","0.0349842543984711","0.00934290354150291","0.0113021983299054","0.00128661578126413","0.00079539225357508","0.0204261416295816","0.0435118407511442","0.00264503905531278"
"177","file 60 .csv","vi","0.0573630225513282","0.169032806526492","0.356978319209167","0.0665671626673654","0.131578670040748","0.0671374180309921","0.0593268205141001","0.219782384349276","0.480033816444942","0.0682665186783419"
"178","file 61 .csv","Model Weighted Average","0.0921633403517747","-0.00101020306174195","-0.00191022299930647","-0.0388553522391042","0.0030519291777224","0.0212078917221817","0.0611026884895933","0.0491228767200103","-0.009624931529632","-0.0293956080934487"
"179","file 61 .csv","Unconditional Standard Error","0.134735929941283","0.0465604606567435","0.0340208806742435","0.154491911634747","0.0616477538983223","0.0852955098638548","0.115936153863979","0.132657605439927","0.0501865039856843","0.0826846845445031"
"180","file 61 .csv","vi","0.389077971800865","0.0726765137565584","0.07371594828895","0.0844153633500594","0.0714138164728451","0.253460129880612","0.303141327731424","0.0979481603958858","0.075512682234522","0.099953185117274"
"181","file 62 .csv","Model Weighted Average","-0.280864059454943","0.51574706809889","-0.497233931155109","-0.43405294518469","-3.60502664506804","-0.0284352259478729","0.190263851530472","0.0543527393017279","-0.174211266148578","0.0640500344618661"
"182","file 62 .csv","Unconditional Standard Error","0.444848496980045","1.42960597702656","0.788748922095155","1.12806995031782","1.64909371376116","0.0517947872627045","0.416177709049784","0.120858397862737","0.403994660833233","0.150584069330052"
"183","file 62 .csv","vi","0.281511127755664","0.380995484964897","0.373895831816534","0.148338523907767","0.812930550716377","0.161119201146501","0.263273202825355","0.0569687984728676","0.126955734988146","0.0636788787750625"
"184","file 63 .csv","Model Weighted Average","0.487152244318417","-0.00267980156603327","0.000553225772742974","-0.0387736598105886","-0.00216683337754924","-0.00680579132757449","0.179144186542039","0.103635008445456","-0.00571499490034397","-0.180280070660816"
"185","file 63 .csv","Unconditional Standard Error","0.27859661424313","0.020740666144837","0.00558577103993594","0.0886191968133241","0.00920411335486629","0.0253524410774607","0.265470917316528","0.170223002415451","0.017690322669455","0.277311423750624"
"186","file 63 .csv","vi","0.724110398786386","0.0561399337123686","0.0506934344202354","0.0707628474808251","0.0481299785182916","0.0772129909973239","0.305803348817057","0.259461394753888","0.0577508194744001","0.296225081209498"
"187","file 64 .csv","Model Weighted Average","0.670544612348423","-0.0331993195664402","0.268933085070761","-1.16084012649708","-0.0546295764470097","-0.273235546324028","0.325444871453573","0.295219111803369","-0.429349911897137","-0.452829206654014"
"188","file 64 .csv","Unconditional Standard Error","0.694871112752122","0.0945418794454753","0.624864177122595","1.89722320463576","0.117597556181762","0.490865233220797","0.428715149016834","0.469890504142349","0.798983213621695","0.702500056012508"
"189","file 64 .csv","vi","0.532258175559136","0.0555346185658913","0.134579033198598","0.227420420308223","0.0640557773640493","0.380295196959908","0.400883836576715","0.248448438679327","0.137880644940536","0.279959605295765"
"190","file 65 .csv","Model Weighted Average","0.0566685856898138","-0.0655573395668868","0.0823924893007433","-1.28230952907915","-0.107869622100228","-0.015103845901926","0.0595057400933924","0.0718932306913658","-0.0803054179469806","-0.0902899900031778"
"191","file 65 .csv","Unconditional Standard Error","0.105289428949321","0.144488213452745","0.187098771936809","1.58897951079849","0.214493494346462","0.0555867044122994","0.100963522207222","0.133111992774066","0.190592447439993","0.172905437490867"
"192","file 65 .csv","vi","0.205172117133497","0.123417353740334","0.126838543606237","0.452272013719658","0.152402547856783","0.155574492909323","0.268760672249489","0.191498140313094","0.125021849480591","0.172422985630368"
"193","file 66 .csv","Model Weighted Average","-0.0100626446999159","-0.85247369329805","-0.154636569397703","-0.094372748734376","-0.636146380494153","-0.0240948398533164","0.0172609088471539","0.755105721321722","-0.432416048633726","0.0464867001198016"
"194","file 66 .csv","Unconditional Standard Error","0.0236526316279522","1.3178266188661","0.539367794300898","0.379853965102534","0.873033950569146","0.0517346896657821","0.0458720297549973","0.855139836600274","0.982953098279404","0.164175204423938"
"195","file 66 .csv","vi","0.0523438618415257","0.359980738989463","0.201895234367879","0.0562886660148887","0.390290540214354","0.0707679454324537","0.0647453639886374","0.482024108011515","0.335479226470353","0.104309684829586"
"196","file 67 .csv","Model Weighted Average","-0.00668697127689703","0.0871709874092059","-0.0397324245285935","0.842833680927816","-0.133217759183113","0.0678856425675576","-0.0281534607095708","-0.686798736738383","1.0791827945346","0.148167576196653"
"197","file 67 .csv","Unconditional Standard Error","0.0246865094478692","0.445754386646545","0.754819786996853","1.6502610077387","0.422775196177811","0.13163408115777","0.0764313452553943","0.894943136520875","1.42655317179815","0.307079576527121"
"198","file 67 .csv","vi","0.0547229417135184","0.144080506929086","0.313499007372905","0.266299167793714","0.164778251154219","0.109107049476169","0.0757539255703592","0.389393509757814","0.401661700889726","0.159227990432706"
"199","file 68 .csv","Model Weighted Average","0.158343568038826","0.405767519687231","-0.25965940316093","0.00865222783793376","0.277668045888588","0.0561532072450305","0.0606219393641532","0.0244541620168033","-0.712752184641928","-0.0315896664035378"
"200","file 68 .csv","Unconditional Standard Error","0.170530490465497","0.543956409928479","0.403165051436123","0.0202805923994779","0.34956516256205","0.116266260648383","0.143454624585175","0.149105959673263","0.60749624563937","0.0615761389115973"
"201","file 68 .csv","vi","0.47491666325776","0.335570362793283","0.237664962000139","0.0216327489614373","0.395713512583022","0.285579250506575","0.363453209242844","0.301678597617736","0.569544471066442","0.068783802077323"
"202","file 69 .csv","Model Weighted Average","0.322718500575274","-0.226728185825448","0.448227117638186","-4.01245342566403","-0.00359006861923946","0.160930022752449","0.0745495335378279","0","-0.203070333104973","-0.28225481835381"
"203","file 69 .csv","Unconditional Standard Error","0.439288478696027","0.418261822649011","0.771087654411663","3.17128520423677","0.211107603148001","0.303728237094121","0.269719296225198","0","0.649791808741077","0.468748897647466"
"204","file 69 .csv","vi","0.346239837222432","0.155982087237228","0.202518828281124","0.616071986666461","0.130911847861525","0.448511739604019","0.358225570736291","0.0128368913744997","0.184811106857076","0.239538980907412"
"205","file 7 .csv","Model Weighted Average","0.512349142938767","-38.6394107295272","-30.6232744385794","8.44907969292768","6.19460923355107","-0.476829026710329","0.335892169385827","-7.41745447848991","0.929503597957216","-0.849992888120111"
"206","file 7 .csv","Unconditional Standard Error","1.24151674262523","37.2417170738956","25.8499374078379","11.8477009529304","13.5745646841399","0.998109930568079","0.853839945023138","7.44477102396185","2.34567318785778","1.84086577553845"
"207","file 7 .csv","vi","0.161969865350269","0.635892031773703","0.70393041845596","0.424001863818913","0.27012763665606","0.211078377558164","0.149627257436632","0.602492700985823","0.169064418996234","0.205156274138153"
"208","file 70 .csv","Model Weighted Average","0.121327764981992","-0.0145546467611351","0.020570090761681","-0.403687300659068","-0.00386009057912498","0.00899868230335086","0.0363843224979898","0.0711601407850355","-0.0215709807384817","-0.0386812103356108"
"209","file 70 .csv","Unconditional Standard Error","0.20596741504976","0.0756447087547471","0.0789092088912918","0.80069865958224","0.0590267689167411","0.0504994530368188","0.0855740302738914","0.203778569509955","0.0877028044315111","0.0929558178990876"
"210","file 70 .csv","vi","0.305703626021296","0.108996644837027","0.110976152000429","0.214483639025782","0.111758811863165","0.152992704480626","0.173041309952402","0.119521319687184","0.110115218128952","0.14976460468727"
"211","file 71 .csv","Model Weighted Average","0.00453094870752725","0.0258730729746065","0.128383342145119","0.0536985767152434","0.0378025793640599","-0.0145452646380386","-0.0382795222238368","-0.0235030332770214","-0.0676939793294781","0.00532562256660785"
"212","file 71 .csv","Unconditional Standard Error","0.0177456216643492","0.109027726023596","0.121714429558","0.0877496180129408","0.0714969143686685","0.0365554378105547","0.0452038104794174","0.0452667467941034","0.0759991038839979","0.016532082951431"
"213","file 71 .csv","vi","0.193703485658293","0.329944392836704","0.635493161682683","0.314835445227504","0.275994556840625","0.522034351426615","0.507998988360864","0.287507262775347","0.544438587194173","0.159792413572958"
"214","file 72 .csv","Model Weighted Average","-0.0226175478959843","-0.314957120598003","-0.132955448108537","-0.648777106117741","0.0580279141623141","-0.041924264794308","-0.007451283016211","0.0717457727153542","0.0406345912803567","-0.0355518639742222"
"215","file 72 .csv","Unconditional Standard Error","0.061592970102989","0.60663061184525","0.312427782789968","0.843568916329142","0.292960542662646","0.0812182324077749","0.0519647217554845","0.146537521691912","0.115562402858318","0.0837642909956217"
"216","file 72 .csv","vi","0.188182005933961","0.257033787253087","0.219144163325907","0.475870746142188","0.245672362646823","0.257775515516656","0.200726969272548","0.233937137221081","0.211393783803548","0.204696158511843"
"217","file 73 .csv","Model Weighted Average","0.01803247736511","-0.714577743182998","0.273703416242567","-0.729301330640657","0.463257971347067","0.00380287031637462","0.0097034549314374","0.0290847785173393","0.00012233894866659","-0.00319389179866763"
"218","file 73 .csv","Unconditional Standard Error","0.0554048023731477","1.19321533286456","0.592521939377531","0.939852372191282","0.850662112271187","0.0401496322694662","0.0440831080953815","0.127127049957988","0.169474805881469","0.0408592788531274"
"219","file 73 .csv","vi","0.163625046297535","0.393779187890193","0.462040240020345","0.482372360999786","0.322412212419692","0.167919450040352","0.156128879017248","0.20491241278547","0.214932064330663","0.149089939986098"
"220","file 74 .csv","Model Weighted Average","0.0173217333716636","-0.0206371427203982","0.0346555924090207","-0.114691119563384","-0.00472690680871549","-0.0419334937213521","0.0531601928804134","0.313290071152712","-0.01129086858788","-0.0247860479583198"
"221","file 74 .csv","Unconditional Standard Error","0.0482855296053144","0.104207597307371","0.0942845038951437","0.244693329922406","0.0836493584101904","0.0930908867880673","0.103971227256113","0.247520717031587","0.0743384082249065","0.0635339723372952"
"222","file 74 .csv","vi","0.184022259242664","0.180117407749294","0.185200555423797","0.221435350524314","0.185709322309102","0.241750858487162","0.230858627687426","0.695315582483862","0.211354579955147","0.191884393737805"
"223","file 75 .csv","Model Weighted Average","0.00301563500738943","-0.0159946737571485","0.000677391112825107","0.0245309930655343","0.00946964151379511","0.000452922038416833","0.00203433056364942","0.00288723237374842","-0.00021929134193455","-0.012507558098654"
"224","file 75 .csv","Unconditional Standard Error","0.0251632025413227","0.0448952774574743","0.0141504884660624","0.0591869241165986","0.0293370221971411","0.00570665748634829","0.0105081335730936","0.00871881527982636","0.00517290725892936","0.0186815183864587"
"225","file 75 .csv","vi","0.333296621597327","0.18230201380078","0.16890214796147","0.341571779859526","0.182444214105891","0.260080521680698","0.343675779107873","0.260736424391845","0.212347015839282","0.419857453398306"
"226","file 76 .csv","Model Weighted Average","0.0283536857139138","0.0633387045257552","2.01514720809148","-0.109924753583423","0.08632458324566","-0.0061018811443698","0.0102012903733884","0.0493160791402143","-0.0703090666656966","-0.0447371748730805"
"227","file 76 .csv","Unconditional Standard Error","0.0575271994017471","0.347027811800287","0.404146189942373","0.221859055001831","0.206807602484473","0.0284500883473426","0.0338898915544635","0.0976994575441947","0.130481203288741","0.0839297439115727"
"228","file 76 .csv","vi","0.224942305683145","0.243987109845126","0.969754237813095","0.226124624987064","0.221810974036571","0.179026319067137","0.178366988165186","0.245274281564604","0.265511124326048","0.252543427898253"
"229","file 77 .csv","Model Weighted Average","-0.00856864854137361","0.00307246195037663","-0.00121628175092052","-0.00258003265813686","0.0263833120506619","0.00554642446909649","0.0376947106349767","0.0290500038324439","0.0621203552322317","-0.0530094887340563"
"230","file 77 .csv","Unconditional Standard Error","0.033357200691275","0.0357460772352774","0.010417863873585","0.0374235075550465","0.0410713080781888","0.0311897157115361","0.0392756703612718","0.0410834033200989","0.0494373850679374","0.0479462750042634"
"231","file 77 .csv","vi","0.457573145229531","0.323497530462841","0.182576252010039","0.346920741452013","0.420815261490111","0.489616192518797","0.651676486204844","0.56725465815308","0.749705720243825","0.730575844264399"
"232","file 78 .csv","Model Weighted Average","-0.146028232865768","2.43855140875222","0.346946566323727","4.12951083533695","-2.1497606575257","0.0692512288109995","-0.19406641656752","-0.122049529404183","0.39087375874797","-0.400562324032032"
"233","file 78 .csv","Unconditional Standard Error","0.353024832073745","2.98967086079218","1.04394809092359","1.10899958119665","2.10952411550189","0.35341755129533","0.258478967035885","0.236940028464055","0.698660025788544","0.48247287154955"
"234","file 78 .csv","vi","0.294412166940401","0.548737633937541","0.333537975675481","0.990277020440654","0.680767095664683","0.365047162753521","0.42802224051157","0.185154467690522","0.440885722033402","0.491093114830452"
"235","file 79 .csv","Model Weighted Average","-0.0111348661725586","5.2937956143251","0.634223780608867","-0.371391375956876","-3.59351248831626","-0.0223136990259903","0.0574483357289814","0.42243266270731","0.532335700422113","-0.01138868145254"
"236","file 79 .csv","Unconditional Standard Error","0.0273368484417874","1.48945283245201","0.692238767994367","0.509966275842092","0.835716904229676","0.054749130596434","0.101373932009118","0.267741901313246","0.349304768879149","0.0294982634911999"
"237","file 79 .csv","vi","0.0862487603981712","0.994890573486388","0.551042251148183","0.385917692411638","0.998828052472908","0.145925769098577","0.23186413039093","0.745120417838562","0.721829552441628","0.0951366421104528"
"238","file 8 .csv","Model Weighted Average","34.7510230809131","-148.678485453325","-0.151217834912797","-0.132864938589079","142.260508328019","-0.424319406668395","-17.6235055186543","-0.252412897356838","2.52116982136291","-2.25664069825055"
"239","file 8 .csv","Unconditional Standard Error","4.1226165220337","17.3502135650247","0.671361059113165","0.587024787694363","15.4195227970683","0.805760644378226","3.98971740883949","0.61895241318957","3.52555705529841","3.25221120545421"
"240","file 8 .csv","vi","0.999646804057175","0.999934201760167","0.0512697300481941","0.0540688268234278","0.999994523391681","0.179325016806958","0.99767526174859","0.0904659558499765","0.399379154615889","0.382099386497662"
"241","file 80 .csv","Model Weighted Average","0.0360937599437127","-1.86883757944777","0.103063502981599","-0.251425799479821","1.64650723398673","-0.00285901280530733","-0.00970892088598697","-0.0475848142874013","0.219078728069627","-0.0871134946161748"
"242","file 80 .csv","Unconditional Standard Error","0.0917564311815842","2.23940920757544","0.637501950832812","0.476394726687337","1.55963336577328","0.0627731577251947","0.0413261571537386","0.120730906240104","0.335546962625285","0.160243674588701"
"243","file 80 .csv","vi","0.188139026546031","0.603927469209429","0.372458314515804","0.236312501933327","0.688453137223837","0.194533605431152","0.169798719930389","0.183715207421758","0.356848438466945","0.416533721825487"
"244","file 81 .csv","Model Weighted Average","-0.0658713699846101","-0.0473080176763328","0.361911654729965","-0.714889935179512","0.233846172409117","-0.110757401234767","0.0593556859215354","0.221530642500052","0.622210306713703","-0.135121907665528"
"245","file 81 .csv","Unconditional Standard Error","0.149461521382303","0.371347264435169","0.493437627804489","0.898282710949885","0.427969949044237","0.199979830310263","0.165402310681261","0.332054464556996","0.553957558804912","0.224070586124838"
"246","file 81 .csv","vi","0.193573308205438","0.270203051849295","0.429580675555911","0.45902366597534","0.289802473777612","0.361433344196659","0.279236511242046","0.377745392586761","0.634881967373965","0.302370783548384"
"247","file 9 .csv","Model Weighted Average","-40.1393269550331","-0.690721409433606","-8.95257877309788","106.588947051128","-1.285378616822","18.9919025769669","12.0205104326752","2.0496251075264","-0.934059087698396","-36.2513939904322"
"248","file 9 .csv","Unconditional Standard Error","29.2383218925823","2.90202718591321","9.19553949072966","40.329166326327","2.90081406756717","15.5363369173056","10.0481164322455","3.52907767589769","2.01851314240171","30.4385164379705"
"249","file 9 .csv","vi","0.744468261365516","0.122149998196117","0.573399951838869","0.982563057402246","0.129021094566356","0.652859910751985","0.650452061250082","0.239295353511034","0.128568108737617","0.645639268917712"
"250","flight.time.csv","Model Weighted Average","-43.1592582827921","0.434907730382323","-0.434907730382323",NA,NA,"-3.42476528517532",NA,NA,NA,"2.64163757819468"
"251","flight.time.csv","Unconditional Standard Error","11.8808751142793","1.4611884565183","1.4611884565183",NA,NA,"6.61929038463318",NA,NA,NA,"5.94686771531594"
"252","flight.time.csv","vi","0.916558613741929","0.0768999017819503","0.0768999017819503",NA,NA,"0.150353292090066",NA,NA,NA,"0.140542809378978"
"253","flowertimeLCA.csv","Model Weighted Average","0.803845080326895","-0.154248720254275","0.018233465894191","-2.39720896721976","-0.486801535312803",NA,NA,NA,NA,NA
"254","flowertimeLCA.csv","Unconditional Standard Error","0.759054745420965","0.423302400699208","0.241613129901307","3.56322420077483","1.28377665263279",NA,NA,NA,NA,NA
"255","flowertimeLCA.csv","vi","0.656146202778523","0.132911464802842","0.125946152379377","0.40994055417634","0.132913358762506",NA,NA,NA,NA,NA
"256","germLCA.csv","Model Weighted Average","-0.0186810734937488","-0.00444398906439767","0.00316874460613603","-2.49868268997005","-0.0088880424182396",NA,NA,NA,NA,NA
"257","germLCA.csv","Unconditional Standard Error","0.042122278001416","0.030417252399576","0.0199229560821302","0.570125664708777","0.0608345833703852",NA,NA,NA,NA,NA
"258","germLCA.csv","vi","0.147804861854094","0.07470016283841","0.0744661540704421","0.977113439979441","0.0747001558837731",NA,NA,NA,NA,NA
"259","pollen_data.csv","Model Weighted Average","-1.89120591758261","-0.584045182203662","1.87419835799561","0","0.166098722768739",NA,NA,NA,NA,NA
"260","pollen_data.csv","Unconditional Standard Error","0.324334170553149","0.990229304349617","0.872830913270629","0","0.322327368257061",NA,NA,NA,NA,NA
"261","pollen_data.csv","vi","0.972280690136167","0.171726284630613","0.788343169806968","0.00651328897649702","0.060550492717548",NA,NA,NA,NA,NA
"262","seedweight.data.csv","Model Weighted Average","-0.384353198660364","0.0109528414788166","0.250228168247296","0","0.00704394467165189",NA,NA,NA,NA,NA
"263","seedweight.data.csv","Unconditional Standard Error","0.0327556752741545","0.021245137949961","0.0385946327384908","0","0.0137321722290799",NA,NA,NA,NA,NA
"264","seedweight.data.csv","vi","0.999787651643153","0.122997361659289","0.977308032315772","0.0116232941670191","0.1190434710421",NA,NA,NA,NA,NA
"265","silking_data.csv","Model Weighted Average","-0.13598752503299","-1.08019795190235","1.15796780775799","-0.0231548202283219","0.242646596269281",NA,NA,NA,NA,NA
"266","silking_data.csv","Unconditional Standard Error","0.279080414497303","1.69253165868666","1.347674259362","0.188401832843994","0.808152732133354",NA,NA,NA,NA,NA
"267","silking_data.csv","vi","0.159458175039443","0.309590902181915","0.511183803298217","0.0624639463831038","0.143349698435333",NA,NA,NA,NA,NA
"268","skin_data.csv","Model Weighted Average","13.0865811322542","0.0436537304714094","-0.113937710068835","-0.219954747572186","0",NA,NA,NA,NA,NA
"269","skin_data.csv","Unconditional Standard Error","0.500891815699867","0.104796151561434","0.23293371290586","0.529977269072955","0",NA,NA,NA,NA,NA
"270","skin_data.csv","vi","0.999999318652516","0.0490840456833851","0.109777024765666","0.0550059749068574","0.0398090559348223",NA,NA,NA,NA,NA
"271","stickleback_data2.csv","Model Weighted Average","0.387038210939457","0.330516760458326","-0.780224571047947","-1.1871984400944","0.370861851432754","0.0647914853139619",NA,NA,"-0.330516760432221","-0.387403389966256"
"272","stickleback_data2.csv","Unconditional Standard Error","0.824433926574371","76.0272841302652","85.4779259835703","35.7028363100056","104.964124203436","0.452402002512394",NA,NA,"76.0272841302651","17.6176006643222"
"273","stickleback_data2.csv","vi","0.228650115434194","0.163466379174403","0.177843323970551","0.194944302898812","0.177840218763386","0.198583759846973",NA,NA,"0.163466379174403","0.19318606358316"
